{
  "decision": "No predefined region family passed the model-free promotion gate. The next no-spend branch should test an alternative conserved target or a larger matched-region manifest audit, not another GPU model run.",
  "families": [
    {
      "centered_delta_vs_shuffle": 0.09972805742243263,
      "centered_delta_vs_total": 0.1572957655743984,
      "eval_auc": 0.5195256729463384,
      "eval_centered_auc": 0.6072698662812968,
      "eval_nonzero_fraction": 0.4985326485693324,
      "n_recordings": 4,
      "outcome": "reject: target1",
      "paired_improved_vs_shuffle": 0.5517241379310345,
      "paired_improved_vs_total": 0.5366837857666911,
      "positive_recordings_vs_shuffle": 1,
      "recording_deltas_vs_shuffle": {
        "49e0ab27-827a-4c91-bcaa-97eea27a1b8d_probe01": 0.0,
        "5adab0b7-dfd0-467d-b09d-43cb7ca5d59c_probe00": 0.0,
        "5adab0b7-dfd0-467d-b09d-43cb7ca5d59c_probe01": -0.018158343598976612,
        "edd22318-216c-44ff-bc24-49ce8be78374_probe00": 0.02402172588007423
      },
      "region": "basal_ganglia",
      "shuffle_centered_auc": 0.5075418088588641,
      "target0_improved_vs_shuffle": 1.0,
      "target0_improved_vs_total": 0.6196808510638298,
      "target1_improved_vs_shuffle": 0.0,
      "target1_improved_vs_total": 0.43453355155482815,
      "total_centered_auc": 0.44997410070689836,
      "train_auc": 0.6767166073779647,
      "train_nonzero_fraction": 0.29512101421436804
    },
    {
      "centered_delta_vs_shuffle": 0.034976015948741224,
      "centered_delta_vs_total": 0.12178707298812552,
      "eval_auc": 0.5447976155239057,
      "eval_centered_auc": 0.5717611736950239,
      "eval_nonzero_fraction": 0.5014673514306677,
      "n_recordings": 4,
      "outcome": "reject: target0",
      "paired_improved_vs_shuffle": 0.4556126192223037,
      "paired_improved_vs_total": 0.5319148936170213,
      "positive_recordings_vs_shuffle": 1,
      "recording_deltas_vs_shuffle": {
        "49e0ab27-827a-4c91-bcaa-97eea27a1b8d_probe01": 0.06539039938249425,
        "5adab0b7-dfd0-467d-b09d-43cb7ca5d59c_probe00": 0.0,
        "5adab0b7-dfd0-467d-b09d-43cb7ca5d59c_probe01": -0.002676963896522333,
        "edd22318-216c-44ff-bc24-49ce8be78374_probe00": 0.0
      },
      "region": "brainstem_interbrain",
      "shuffle_centered_auc": 0.5367851577462827,
      "target0_improved_vs_shuffle": 0.03590425531914894,
      "target0_improved_vs_total": 0.8337765957446809,
      "target1_improved_vs_shuffle": 0.972176759410802,
      "target1_improved_vs_total": 0.16039279869067102,
      "total_centered_auc": 0.44997410070689836,
      "train_auc": 0.5117641565009986,
      "train_nonzero_fraction": 0.4965040338071456
    },
    {
      "centered_delta_vs_shuffle": 0.015350772190688478,
      "centered_delta_vs_total": 0.09830196399345337,
      "eval_auc": 0.6154939800466622,
      "eval_centered_auc": 0.5482760647003517,
      "eval_nonzero_fraction": 0.5671313279530448,
      "n_recordings": 4,
      "outcome": "reject: target1",
      "paired_improved_vs_shuffle": 0.5561261922230374,
      "paired_improved_vs_total": 0.5403521643433602,
      "positive_recordings_vs_shuffle": 1,
      "recording_deltas_vs_shuffle": {
        "49e0ab27-827a-4c91-bcaa-97eea27a1b8d_probe01": -0.003546665602001564,
        "5adab0b7-dfd0-467d-b09d-43cb7ca5d59c_probe00": 0.0,
        "5adab0b7-dfd0-467d-b09d-43cb7ca5d59c_probe01": 0.0,
        "edd22318-216c-44ff-bc24-49ce8be78374_probe00": 0.04601850221457693
      },
      "region": "cortical_retrosplenial",
      "shuffle_centered_auc": 0.5329252925096633,
      "target0_improved_vs_shuffle": 0.8896276595744681,
      "target0_improved_vs_total": 0.6855053191489362,
      "target1_improved_vs_shuffle": 0.14566284779050737,
      "target1_improved_vs_total": 0.3617021276595745,
      "total_centered_auc": 0.44997410070689836,
      "train_auc": 0.9382617397679724,
      "train_nonzero_fraction": 0.06853630426431041
    },
    {
      "centered_delta_vs_shuffle": 0.010221515130410586,
      "centered_delta_vs_total": 0.13182413727060627,
      "eval_auc": 0.5335363199498555,
      "eval_centered_auc": 0.5817982379775046,
      "eval_nonzero_fraction": 0.7835656639765224,
      "n_recordings": 4,
      "outcome": "reject: target0",
      "paired_improved_vs_shuffle": 0.4860601614086574,
      "paired_improved_vs_total": 0.5069699192956714,
      "positive_recordings_vs_shuffle": 2,
      "recording_deltas_vs_shuffle": {
        "49e0ab27-827a-4c91-bcaa-97eea27a1b8d_probe01": 0.027781104856203664,
        "5adab0b7-dfd0-467d-b09d-43cb7ca5d59c_probe00": 0.027231592911968194,
        "5adab0b7-dfd0-467d-b09d-43cb7ca5d59c_probe01": 0.0,
        "edd22318-216c-44ff-bc24-49ce8be78374_probe00": -0.006040986604179954
      },
      "region": "hippocampal_formation",
      "shuffle_centered_auc": 0.571576722847094,
      "target0_improved_vs_shuffle": 0.3045212765957447,
      "target0_improved_vs_total": 0.4913563829787234,
      "target1_improved_vs_shuffle": 0.70949263502455,
      "target1_improved_vs_total": 0.5261865793780688,
      "total_centered_auc": 0.44997410070689836,
      "train_auc": 0.5752214535109272,
      "train_nonzero_fraction": 0.46484825201690355
    },
    {
      "centered_delta_vs_shuffle": 0.008307905595988374,
      "centered_delta_vs_total": 0.13714546261796146,
      "eval_auc": 0.6851625343872967,
      "eval_centered_auc": 0.5871195633248598,
      "eval_nonzero_fraction": 0.4328686720469552,
      "n_recordings": 4,
      "outcome": "reject: shuffle",
      "paired_improved_vs_shuffle": 0.5132061628760088,
      "paired_improved_vs_total": 0.5473220836390316,
      "positive_recordings_vs_shuffle": 1,
      "recording_deltas_vs_shuffle": {
        "49e0ab27-827a-4c91-bcaa-97eea27a1b8d_probe01": 0.0,
        "5adab0b7-dfd0-467d-b09d-43cb7ca5d59c_probe00": -0.0021084051928361713,
        "5adab0b7-dfd0-467d-b09d-43cb7ca5d59c_probe01": 0.06356012508291486,
        "edd22318-216c-44ff-bc24-49ce8be78374_probe00": 0.0
      },
      "region": "cortical_sensorimotor",
      "shuffle_centered_auc": 0.5788116577288714,
      "target0_improved_vs_shuffle": 0.7014627659574468,
      "target0_improved_vs_total": 0.629654255319149,
      "target1_improved_vs_shuffle": 0.281505728314239,
      "target1_improved_vs_total": 0.4459901800327332,
      "total_centered_auc": 0.44997410070689836,
      "train_auc": 0.6849542110103052,
      "train_nonzero_fraction": 0.2846715328467153
    },
    {
      "centered_delta_vs_shuffle": 0.0026856914023052902,
      "centered_delta_vs_total": 0.001488665250548471,
      "eval_auc": 0.449820663718355,
      "eval_centered_auc": 0.45146276595744683,
      "eval_nonzero_fraction": 1.0,
      "n_recordings": 4,
      "outcome": "reject: shuffle",
      "paired_improved_vs_shuffle": 0.5473220836390316,
      "paired_improved_vs_total": 0.5091709464416728,
      "positive_recordings_vs_shuffle": 2,
      "recording_deltas_vs_shuffle": {
        "49e0ab27-827a-4c91-bcaa-97eea27a1b8d_probe01": -0.0007053406262892414,
        "5adab0b7-dfd0-467d-b09d-43cb7ca5d59c_probe00": -0.0015753814081304052,
        "5adab0b7-dfd0-467d-b09d-43cb7ca5d59c_probe01": 0.0004027290817776308,
        "edd22318-216c-44ff-bc24-49ce8be78374_probe00": 0.021319535683809843
      },
      "region": "broad_named_anatomy",
      "shuffle_centered_auc": 0.44877707455514154,
      "target0_improved_vs_shuffle": 0.6981382978723404,
      "target0_improved_vs_total": 0.6648936170212766,
      "target1_improved_vs_shuffle": 0.3617021276595745,
      "target1_improved_vs_total": 0.31751227495908346,
      "total_centered_auc": 0.44997410070689836,
      "train_auc": 0.50347049706468,
      "train_nonzero_fraction": 1.0
    },
    {
      "centered_delta_vs_shuffle": 0.0019886957203051336,
      "centered_delta_vs_total": 0.10130976425114047,
      "eval_auc": 0.4960389316432775,
      "eval_centered_auc": 0.5512838649580388,
      "eval_nonzero_fraction": 1.0,