{
  "decision": "No predefined region family passed the model-free promotion gate. The next no-spend branch should test an alternative conserved target or a larger matched-region manifest audit, not another GPU model run.",
  "families": [
    {
      "centered_delta_vs_shuffle": 0.11417474182106813,
      "centered_delta_vs_total": 0.11467030271513462,
      "eval_auc": 0.543005354960523,
      "eval_centered_auc": 0.5059357413031137,
      "eval_nonzero_fraction": 0.4987121699935608,
      "n_recordings": 4,
      "outcome": "reject: target1",
      "paired_improved_vs_shuffle": 0.4996780424983902,
      "paired_improved_vs_total": 0.5164198325820991,
      "positive_recordings_vs_shuffle": 1,
      "recording_deltas_vs_shuffle": {
        "49e0ab27-827a-4c91-bcaa-97eea27a1b8d_probe01": 0.053524265434136686,
        "5adab0b7-dfd0-467d-b09d-43cb7ca5d59c_probe00": 0.0,
        "5adab0b7-dfd0-467d-b09d-43cb7ca5d59c_probe01": -0.034511011470657105,
        "edd22318-216c-44ff-bc24-49ce8be78374_probe00": 0.0
      },
      "region": "brainstem_interbrain",
      "shuffle_centered_auc": 0.39176099948204557,
      "target0_improved_vs_shuffle": 0.9326128417037508,
      "target0_improved_vs_total": 0.182453909726637,
      "target1_improved_vs_shuffle": 0.055446836268754074,
      "target1_improved_vs_total": 0.8590998043052838,
      "total_centered_auc": 0.3912654385879791,
      "train_auc": 0.5831696104122135,
      "train_nonzero_fraction": 0.49775204359673025
    },
    {
      "centered_delta_vs_shuffle": 0.0925392581681499,
      "centered_delta_vs_total": 0.23046940606093785,
      "eval_auc": 0.4873225570610378,
      "eval_centered_auc": 0.6217348446489169,
      "eval_nonzero_fraction": 0.42949130714745654,
      "n_recordings": 4,
      "outcome": "reject: target0",
      "paired_improved_vs_shuffle": 0.5038634900193174,
      "paired_improved_vs_total": 0.5074050225370251,
      "positive_recordings_vs_shuffle": 2,
      "recording_deltas_vs_shuffle": {
        "49e0ab27-827a-4c91-bcaa-97eea27a1b8d_probe01": 0.0,
        "5adab0b7-dfd0-467d-b09d-43cb7ca5d59c_probe00": 0.0009994057587380256,
        "5adab0b7-dfd0-467d-b09d-43cb7ca5d59c_probe01": 0.011200547422253404,
        "edd22318-216c-44ff-bc24-49ce8be78374_probe00": 0.0
      },
      "region": "cortical_sensorimotor",
      "shuffle_centered_auc": 0.529195586480767,
      "target0_improved_vs_shuffle": 0.36554354736172917,
      "target0_improved_vs_total": 0.6268277177368087,
      "target1_improved_vs_shuffle": 0.6457925636007827,
      "target1_improved_vs_total": 0.38486627527723416,
      "total_centered_auc": 0.3912654385879791,
      "train_auc": 0.7233440150473616,
      "train_nonzero_fraction": 0.28576294277929154
    },
    {
      "centered_delta_vs_shuffle": 0.03062441916738301,
      "centered_delta_vs_total": 0.22854480513260084,
      "eval_auc": 0.6934510072741704,
      "eval_centered_auc": 0.6198102437205799,
      "eval_nonzero_fraction": 0.28396651641983256,
      "n_recordings": 4,
      "outcome": "reject: target1",
      "paired_improved_vs_shuffle": 0.5170637475853187,
      "paired_improved_vs_total": 0.49356084996780425,
      "positive_recordings_vs_shuffle": 1,
      "recording_deltas_vs_shuffle": {
        "49e0ab27-827a-4c91-bcaa-97eea27a1b8d_probe01": 0.09878982337405084,
        "5adab0b7-dfd0-467d-b09d-43cb7ca5d59c_probe00": 0.0,
        "5adab0b7-dfd0-467d-b09d-43cb7ca5d59c_probe01": 0.0,
        "edd22318-216c-44ff-bc24-49ce8be78374_probe00": 0.0
      },
      "region": "midbrain",
      "shuffle_centered_auc": 0.5891858245531969,
      "target0_improved_vs_shuffle": 0.9465988556897648,
      "target0_improved_vs_total": 0.0,
      "target1_improved_vs_shuffle": 0.07632093933463796,
      "target1_improved_vs_total": 1.0,
      "total_centered_auc": 0.3912654385879791,
      "train_auc": 0.5364538922098778,
      "train_nonzero_fraction": 0.40013623978201635
    },
    {
      "centered_delta_vs_shuffle": 0.020748450387304773,
      "centered_delta_vs_total": 0.2186485162823893,
      "eval_auc": 0.5559849034319769,
      "eval_centered_auc": 0.6099139548703684,
      "eval_nonzero_fraction": 1.0,
      "n_recordings": 4,
      "outcome": "reject: target1",
      "paired_improved_vs_shuffle": 0.4867997424339987,
      "paired_improved_vs_total": 0.5402446877012235,
      "positive_recordings_vs_shuffle": 2,
      "recording_deltas_vs_shuffle": {
        "49e0ab27-827a-4c91-bcaa-97eea27a1b8d_probe01": -0.0006757593265103168,
        "5adab0b7-dfd0-467d-b09d-43cb7ca5d59c_probe00": -0.004834962994975989,
        "5adab0b7-dfd0-467d-b09d-43cb7ca5d59c_probe01": 0.008427421533142465,
        "edd22318-216c-44ff-bc24-49ce8be78374_probe00": 0.022051997463538364
      },
      "region": "fiber_tracts",
      "shuffle_centered_auc": 0.5891655044830636,
      "target0_improved_vs_shuffle": 0.7132867132867133,
      "target0_improved_vs_total": 0.17800381436745072,
      "target1_improved_vs_shuffle": 0.25440313111545987,
      "target1_improved_vs_total": 0.9119373776908023,
      "total_centered_auc": 0.3912654385879791,
      "train_auc": 0.5288905800736509,
      "train_nonzero_fraction": 0.7450272479564033
    },
    {
      "centered_delta_vs_shuffle": 0.01646920949536146,
      "centered_delta_vs_total": 0.029205746515833686,
      "eval_auc": 0.5001242012449982,
      "eval_centered_auc": 0.42047118510381276,
      "eval_nonzero_fraction": 1.0,
      "n_recordings": 4,
      "outcome": "reject: target1",
      "paired_improved_vs_shuffle": 0.5154539600772698,
      "paired_improved_vs_total": 0.5537669027688346,
      "positive_recordings_vs_shuffle": 4,
      "recording_deltas_vs_shuffle": {
        "49e0ab27-827a-4c91-bcaa-97eea27a1b8d_probe01": 0.017162223506107632,
        "5adab0b7-dfd0-467d-b09d-43cb7ca5d59c_probe00": 0.04048943871211713,
        "5adab0b7-dfd0-467d-b09d-43cb7ca5d59c_probe01": 0.008733545819602728,
        "edd22318-216c-44ff-bc24-49ce8be78374_probe00": 0.02588205453392517
      },
      "region": "thalamic",
      "shuffle_centered_auc": 0.4040019756084513,
      "target0_improved_vs_shuffle": 0.7673235855054037,
      "target0_improved_vs_total": 0.551176096630642,
      "target1_improved_vs_shuffle": 0.25701239399869535,
      "target1_improved_vs_total": 0.5564253098499674,
      "total_centered_auc": 0.3912654385879791,
      "train_auc": 0.6971489787996266,
      "train_nonzero_fraction": 0.27513623978201635
    },
    {
      "centered_delta_vs_shuffle": 0.003277337025780369,
      "centered_delta_vs_total": 0.003633145600766996,
      "eval_auc": 0.46508410642906284,
      "eval_centered_auc": 0.39489858418874607,
      "eval_nonzero_fraction": 1.0,
      "n_recordings": 4,
      "outcome": "reject: shuffle",
      "paired_improved_vs_shuffle": 0.49130714745653575,
      "paired_improved_vs_total": 0.5096587250482936,
      "positive_recordings_vs_shuffle": 3,
      "recording_deltas_vs_shuffle": {
        "49e0ab27-827a-4c91-bcaa-97eea27a1b8d_probe01": -0.0011090706503796843,
        "5adab0b7-dfd0-467d-b09d-43cb7ca5d59c_probe00": 0.00010804386580953729,
        "5adab0b7-dfd0-467d-b09d-43cb7ca5d59c_probe01": 0.0007653107161507688,
        "edd22318-216c-44ff-bc24-49ce8be78374_probe00": 0.022823081800887768
      },
      "region": "broad_named_anatomy",
      "shuffle_centered_auc": 0.3916212471629657,
      "target0_improved_vs_shuffle": 0.6090273363000636,
      "target0_improved_vs_total": 0.40114431023521935,
      "target1_improved_vs_shuffle": 0.370515329419439,
      "target1_improved_vs_total": 0.6210045662100456,
      "total_centered_auc": 0.3912654385879791,
      "train_auc": 0.506319686192537,
      "train_nonzero_fraction": 1.0
    },
    {
      "centered_delta_vs_shuffle": -0.006685717769154831,
      "centered_delta_vs_total": 0.10713902121125035,
      "eval_auc": 0.44089119680651434,
      "eval_centered_auc": 0.4984044597992294,
      "eval_nonzero_fraction": 0.5705086928525435,