{
  "holdout": [
    "CSH_ZAD_019"
  ],
  "l2": 10.0,
  "n_eval_recordings": 4,
  "n_eval_trials": 3106,
  "n_regions": 79,
  "n_train_recordings": 24,
  "n_train_trials": 14680,
  "region_granularity": "parent",
  "regions": [
    "ATN",
    "AUDd",
    "AUDv",
    "BS",
    "CA",
    "CNU",
    "CTXpl",
    "CTXsp",
    "DG",
    "DORpm",
    "ENTm",
    "EPI",
    "FRP",
    "HB",
    "HIP",
    "IB",
    "IIIn",
    "IIn",
    "In",
    "LAT",
    "LGd",
    "LS",
    "LZ",
    "MBmot",
    "MBsen",
    "MBsta",
    "MED",
    "MG",
    "MOp",
    "MOs",
    "MSC",
    "OLF",
    "ORBm",
    "ORBvl",
    "P-mot",
    "P-sen",
    "PALc",
    "PRT",
    "PVR",
    "RHP",
    "RSPagl",
    "RSPd",
    "RSPv",
    "SCm",
    "SCs",
    "SSp-bfd",
    "SSp-ll",
    "SSp-tr",
    "SSp-ul",
    "SSp-un",
    "SSs",
    "STRd",
    "STRv",
    "VENT",
    "VISa",
    "VISp",
    "VISpl",
    "VISpm",
    "VISpor",
    "VL",
    "VP",
    "VS",
    "Vn",
    "ZI",
    "cVIIIn",
    "cc",
    "cett",
    "eps",
    "epsc",
    "fa",
    "fiber tracts",
    "fxs",
    "hc",
    "lfbst",
    "mfbc",
    "mfbse",
    "root",
    "scp",
    "void"
  ],
  "seed": 0,
  "summary": {
    "decision": "no_model_free_true_region_advantage",
    "deltas": {
      "true_minus_shuffle_auc": -0.06289351992963454,
      "true_minus_shuffle_centered_auc": -0.08603600633488556,
      "true_minus_total_auc": 0.020309702750549607,
      "true_minus_total_centered_auc": 0.09127568156210747
    },
    "metrics": {
      "region_shuffle": {
        "eval_auc": 0.5396123179435758,
        "eval_centered_auc": 0.5664534718083909,
        "per_recording_auc": {
          "49e0ab27-827a-4c91-bcaa-97eea27a1b8d_probe01": 0.6550583938593595,
          "5adab0b7-dfd0-467d-b09d-43cb7ca5d59c_probe00": 0.4549367043019466,
          "5adab0b7-dfd0-467d-b09d-43cb7ca5d59c_probe01": 0.4953991320476113,
          "edd22318-216c-44ff-bc24-49ce8be78374_probe00": 0.6064578313253012
        },
        "train_auc": 0.6386553826304905
      },
      "region_true": {
        "eval_auc": 0.47671879801394124,
        "eval_centered_auc": 0.48041746547350533,
        "per_recording_auc": {
          "49e0ab27-827a-4c91-bcaa-97eea27a1b8d_probe01": 0.3558053400462199,
          "5adab0b7-dfd0-467d-b09d-43cb7ca5d59c_probe00": 0.5430104622476726,
          "5adab0b7-dfd0-467d-b09d-43cb7ca5d59c_probe01": 0.5616930473772351,
          "edd22318-216c-44ff-bc24-49ce8be78374_probe00": 0.48258719086873814
        },
        "train_auc": 0.6357321117301644
      },
      "total_spikes": {
        "eval_auc": 0.45640909526339163,
        "eval_centered_auc": 0.38914178391139786,
        "per_recording_auc": {
          "49e0ab27-827a-4c91-bcaa-97eea27a1b8d_probe01": 0.3366777401782767,
          "5adab0b7-dfd0-467d-b09d-43cb7ca5d59c_probe00": 0.3865539409000054,
          "5adab0b7-dfd0-467d-b09d-43cb7ca5d59c_probe01": 0.42254155187005926,
          "edd22318-216c-44ff-bc24-49ce8be78374_probe00": 0.4003297400126823
        },
        "train_auc": 0.5181979697466772
      }
    },
    "n_recordings": 4,
    "paired_true_vs_shuffle": {
      "improved_fraction": 0.5070830650354153,
      "mean_true_class_delta": -0.40856794083356945,
      "target0_improved_fraction": 0.806738715829625,
      "target1_improved_fraction": 0.19960861056751467
    },
    "paired_true_vs_total": {
      "improved_fraction": 0.4983902124919511,
      "mean_true_class_delta": -0.014153283606381227,
      "target0_improved_fraction": 0.7876668785759695,
      "target1_improved_fraction": 0.20156555772994128
    },
    "recording_deltas_true_minus_shuffle": {
      "49e0ab27-827a-4c91-bcaa-97eea27a1b8d_probe01": -0.2992530538131396,
      "5adab0b7-dfd0-467d-b09d-43cb7ca5d59c_probe00": 0.08807375794572597,
      "5adab0b7-dfd0-467d-b09d-43cb7ca5d59c_probe01": 0.06629391532962381,
      "edd22318-216c-44ff-bc24-49ce8be78374_probe00": -0.12387064045656304
    },
    "recording_support_fraction": 0.5,
    "recordings_positive_true_minus_shuffle": 2
  },
  "target_mode": "choice",
  "train_subjects": [
    "KS014",
    "MFD_06",
    "NR_0019",
    "NYU-12",
    "SWC_038",
    "SWC_043"
  ],
  "window_len": 1.0
}
