{
  "robust_shuffle_seed_candidates": [],
  "rows": [
    {
      "family": "broad_named_anatomy",
      "holdout": "NR_0019",
      "max_bidirectional_recordings": 4,
      "max_centered_delta_vs_shuffle": 0.0010438983406847457,
      "mean_centered_delta_vs_shuffle": -9.535811804242122e-05,
      "mean_centered_delta_vs_total": 0.00035496744381435796,
      "mean_target0": 0.6382608695652173,
      "mean_target1": 0.6756521739130434,
      "min_bidirectional_recordings": 4,
      "min_centered_delta_vs_shuffle": -0.0007771476580550329,
      "n_candidate_seeds": 2,
      "n_positive_shuffle_delta_seeds": 2,
      "n_seeds": 5,
      "positive_shuffle_delta_fraction": 0.4,
      "robust_shuffle_seed_candidate": false,
      "seed_rows": [
        {
          "bidirectional_recording_fraction": 1.0,
          "centered_delta_vs_shuffle": 0.0010438983406847457,
          "centered_delta_vs_total": 0.00035496744381435796,
          "decision": "candidate",
          "eval_auc": 0.7794307918504516,
          "eval_centered_auc": 0.7794307918504516,
          "family": "broad_named_anatomy",
          "holdout": "NR_0019",
          "n_bidirectional_recordings": 4,
          "n_recordings": 4,
          "paired_improved_vs_shuffle": 0.6434782608695652,
          "paired_improved_vs_total": 0.6739130434782609,
          "path": "docs/extreme_quantile_target_family_gate.json",
          "recording_target_rows": [
            {
              "improved_fraction": 0.5933333333333334,
              "mean_true_class_delta": 0.005918487381838682,
              "n_trials": 450,
              "recording": "63c70ae8-4dfb-418b-b21b-f0b1e5fba6c9_probe00",
              "target0_improved": 0.5688888888888889,
              "target1_fraction": 0.5,
              "target1_improved": 0.6177777777777778
            },
            {
              "improved_fraction": 0.5888888888888889,
              "mean_true_class_delta": 0.0024428768748479416,
              "n_trials": 450,
              "recording": "63c70ae8-4dfb-418b-b21b-f0b1e5fba6c9_probe01",
              "target0_improved": 0.6044444444444445,
              "target1_fraction": 0.5,
              "target1_improved": 0.5733333333333334
            },
            {
              "improved_fraction": 0.6166666666666667,
              "mean_true_class_delta": 0.0028403871745055335,
              "n_trials": 240,
              "recording": "b887df2c-bb9c-44c9-a9c0-538da87b2cab_probe00",
              "target0_improved": 0.5833333333333334,
              "target1_fraction": 0.5,
              "target1_improved": 0.65
            },
            {
              "improved_fraction": 0.8666666666666667,
              "mean_true_class_delta": 0.023354382883263212,
              "n_trials": 240,
              "recording": "b887df2c-bb9c-44c9-a9c0-538da87b2cab_probe01",
              "target0_improved": 0.8916666666666667,
              "target1_fraction": 0.5,
              "target1_improved": 0.8416666666666667
            }
          ],
          "seed": 0,
          "shuffle_centered_auc": 0.7783868935097669,
          "target0_improved_vs_shuffle": 0.6391304347826087,
          "target0_improved_vs_total": 0.7260869565217392,
          "target1_improved_vs_shuffle": 0.6478260869565218,
          "target1_improved_vs_total": 0.6217391304347826,
          "target_mode": "response_latency_extreme",
          "total_centered_auc": 0.7790758244066373,
          "train_auc": 0.685895352299096
        },
        {
          "bidirectional_recording_fraction": 1.0,
          "centered_delta_vs_shuffle": 9.031716026042247e-05,
          "centered_delta_vs_total": 0.00035496744381435796,
          "decision": "candidate",
          "eval_auc": 0.7794307918504516,
          "eval_centered_auc": 0.7794307918504516,
          "family": "broad_named_anatomy",
          "holdout": "NR_0019",
          "n_bidirectional_recordings": 4,
          "n_recordings": 4,
          "paired_improved_vs_shuffle": 0.6471014492753623,
          "paired_improved_vs_total": 0.6739130434782609,
          "path": "docs/extreme_quantile_target_family_gate_seed_1.json",
          "recording_target_rows": [
            {
              "improved_fraction": 0.64,
              "mean_true_class_delta": 0.006282394647135943,
              "n_trials": 450,
              "recording": "63c70ae8-4dfb-418b-b21b-f0b1e5fba6c9_probe00",
              "target0_improved": 0.6222222222222222,
              "target1_fraction": 0.5,
              "target1_improved": 0.6577777777777778
            },
            {
              "improved_fraction": 0.5622222222222222,
              "mean_true_class_delta": 0.0019903241993833587,
              "n_trials": 450,
              "recording": "63c70ae8-4dfb-418b-b21b-f0b1e5fba6c9_probe01",
              "target0_improved": 0.5733333333333334,
              "target1_fraction": 0.5,
              "target1_improved": 0.5511111111111111
            },
            {
              "improved_fraction": 0.8125,
              "mean_true_class_delta": 0.006706818374421238,
              "n_trials": 240,
              "recording": "b887df2c-bb9c-44c9-a9c0-538da87b2cab_probe00",
              "target0_improved": 0.725,
              "target1_fraction": 0.5,
              "target1_improved": 0.9
            },
            {
              "improved_fraction": 0.6541666666666667,
              "mean_true_class_delta": 0.0081815992016163,
              "n_trials": 240,
              "recording": "b887df2c-bb9c-44c9-a9c0-538da87b2cab_probe01",
              "target0_improved": 0.6583333333333333,
              "target1_fraction": 0.5,
              "target1_improved": 0.65
            }
          ],
          "seed": 1,
          "shuffle_centered_auc": 0.7793404746901912,
          "target0_improved_vs_shuffle": 0.6304347826086957,
          "target0_improved_vs_total": 0.7260869565217392,
          "target1_improved_vs_shuffle": 0.663768115942029,
          "target1_improved_vs_total": 0.6217391304347826,
          "target_mode": "response_latency_extreme",
          "total_centered_auc": 0.7790758244066373,
          "train_auc": 0.685895352299096
        },
        {
          "bidirectional_recording_fraction": 1.0,
          "centered_delta_vs_shuffle": -0.0007771476580550329,
          "centered_delta_vs_total": 0.00035496744381435796,
          "decision": "reject: shuffle",
          "eval_auc": 0.7794307918504516,
          "eval_centered_auc": 0.7794307918504516,
          "family": "broad_named_anatomy",
          "holdout": "NR_0019",
          "n_bidirectional_recordings": 4,
          "n_recordings": 4,
          "paired_improved_vs_shuffle": 0.6471014492753623,
          "paired_improved_vs_total": 0.6739130434782609,
          "path": "docs/extreme_quantile_target_family_gate_seed_2.json",
          "recording_target_rows": [
            {
              "improved_fraction": 0.6733333333333333,
              "mean_true_class_delta": 0.008208809851942086,
              "n_trials": 450,
              "recording": "63c70ae8-4dfb-418b-b21b-f0b1e5fba6c9_probe00",
              "target0_improved": 0.6444444444444445,
              "target1_fraction": 0.5,
              "target1_improved": 0.7022222222222222
            },
            {
              "improved_fraction": 0.5866666666666667,
              "mean_true_class_delta": 0.0023526989558784787,
              "n_trials": 450,
              "recording": "63c70ae8-4dfb-418b-b21b-f0b1e5fba6c9_probe01",
              "target0_improved": 0.5511111111111111,
              "target1_fraction": 0.5,
              "target1_improved": 0.6222222222222222
            },
            {
              "improved_fraction": 0.6125,
              "mean_true_class_delta": 0.0029069940038687456,
              "n_trials": 240,
              "recording": "b887df2c-bb9c-44c9-a9c0-538da87b2cab_probe00",
              "target0_improved": 0.5833333333333334,
              "target1_fraction": 0.5,