{
  "decision": "paired_metric_not_recording_rank_stable",
  "holdout": "CSH_ZAD_019",
  "root": "runs/local_csh_recording_centered_bce_probe",
  "seed": 0,
  "summary": {
    "mean_raw_prob_delta": -0.0007945285368154974,
    "mean_true_class_delta": -7.834618383916023e-05,
    "n": 2726,
    "paired_true_class_improved_fraction": 0.4937637564196625,
    "raw_prob_delta_negative_fraction": 0.5693323550990462,
    "recording_classifications": {
      "downward_probability_shift": 2,
      "mixed_or_failed_ranking": 1,
      "upward_probability_shift": 1
    },
    "recordings": {
      "49e0ab27-827a-4c91-bcaa-97eea27a1b8d_probe01": {
        "classification": "mixed_or_failed_ranking",
        "mean_raw_prob_delta": 0.001143043746105619,
        "mean_true_class_delta": -0.0003752548969957389,
        "n": 777,
        "paired_true_class_improved_fraction": 0.42985842985842987,
        "raw_prob_delta_negative_fraction": 0.3487773487773488,
        "raw_prob_delta_positive_fraction": 0.6512226512226512,
        "shuffle_auc": 0.5095287526117566,
        "target0_mean_raw_prob_delta": 0.0014247802484175776,
        "target0_mean_true_class_delta": -0.0014247802484175797,
        "target0_n": 414,
        "target0_true_class_improved_fraction": 0.2922705314009662,
        "target1_fraction": 0.4671814671814672,
        "target1_mean_raw_prob_delta": 0.0008217244294192531,
        "target1_mean_true_class_delta": 0.0008217244294192531,
        "target1_n": 363,
        "target1_true_class_improved_fraction": 0.5867768595041323,
        "true_auc": 0.47955843015131555,
        "true_minus_shuffle_auc": -0.029970322460441012
      },
      "5adab0b7-dfd0-467d-b09d-43cb7ca5d59c_probe00": {
        "classification": "upward_probability_shift",
        "mean_raw_prob_delta": 0.0066588103612237265,
        "mean_true_class_delta": -0.0013501703914754143,
        "n": 590,
        "paired_true_class_improved_fraction": 0.41694915254237286,
        "raw_prob_delta_negative_fraction": 0.003389830508474576,
        "raw_prob_delta_positive_fraction": 0.9966101694915255,
        "shuffle_auc": 0.5286174547522031,
        "target0_mean_raw_prob_delta": 0.006828466248688577,
        "target0_mean_true_class_delta": -0.0068284662486885715,
        "target0_n": 346,
        "target0_true_class_improved_fraction": 0.005780346820809248,
        "target1_fraction": 0.4135593220338983,
        "target1_mean_raw_prob_delta": 0.006418232750310456,
        "target1_mean_true_class_delta": 0.006418232750310456,
        "target1_n": 244,
        "target1_true_class_improved_fraction": 1.0,
        "true_auc": 0.48402113143182035,
        "true_minus_shuffle_auc": -0.04459632332038277
      },
      "5adab0b7-dfd0-467d-b09d-43cb7ca5d59c_probe01": {
        "classification": "downward_probability_shift",
        "mean_raw_prob_delta": -0.005377717239931872,
        "mean_true_class_delta": 0.0009325807132005199,
        "n": 590,
        "paired_true_class_improved_fraction": 0.6084745762711864,
        "raw_prob_delta_negative_fraction": 0.9745762711864406,
        "raw_prob_delta_positive_fraction": 0.025423728813559324,
        "shuffle_auc": 0.4726736473040841,
        "target0_mean_raw_prob_delta": -0.005380167329982819,
        "target0_mean_true_class_delta": 0.005380167329982821,
        "target0_n": 346,
        "target0_true_class_improved_fraction": 0.9971098265895953,
        "target1_fraction": 0.4135593220338983,
        "target1_mean_raw_prob_delta": -0.005374242931908809,
        "target1_mean_true_class_delta": -0.005374242931908809,
        "target1_n": 244,
        "target1_true_class_improved_fraction": 0.05737704918032787,
        "true_auc": 0.47405950914431916,
        "true_minus_shuffle_auc": 0.0013858618402350364
      },
      "edd22318-216c-44ff-bc24-49ce8be78374_probe00": {
        "classification": "downward_probability_shift",
        "mean_raw_prob_delta": -0.00495432343777023,
        "mean_true_class_delta": 0.00042181959428130806,
        "n": 769,
        "paired_true_class_improved_fraction": 0.52925877763329,
        "raw_prob_delta_negative_fraction": 0.9154746423927178,
        "raw_prob_delta_positive_fraction": 0.08452535760728218,
        "shuffle_auc": 0.505756545530889,
        "target0_mean_raw_prob_delta": -0.00519378642166788,
        "target0_mean_true_class_delta": 0.00519378642166788,
        "target0_n": 398,
        "target0_true_class_improved_fraction": 0.9296482412060302,
        "target1_fraction": 0.48244473342002603,
        "target1_mean_raw_prob_delta": -0.004697433228629353,
        "target1_mean_true_class_delta": -0.004697433228629353,
        "target1_n": 371,
        "target1_true_class_improved_fraction": 0.09973045822102426,
        "true_auc": 0.520649067439624,
        "true_minus_shuffle_auc": 0.014892521908735024
      }
    },
    "shuffle_auc": 0.48273289776090816,
    "target0_n": 1504,
    "target0_true_class_improved_fraction": 0.5571808510638298,
    "target1_fraction": 0.4482758620689655,
    "target1_n": 1222,
    "target1_true_class_improved_fraction": 0.4157119476268412,
    "true_auc": 0.4741420587108681,
    "true_minus_shuffle_auc": -0.008590839050040044
  }
}
