{
  "decision": "paired_metric_not_recording_rank_stable",
  "holdout": "CSH_ZAD_019",
  "root": "runs/local_csh_auc_surrogate_target_balanced_probe",
  "seed": 0,
  "summary": {
    "mean_raw_prob_delta": -0.0005475817110087691,
    "mean_true_class_delta": -0.00012620169549977482,
    "n": 2726,
    "paired_true_class_improved_fraction": 0.5022010271460015,
    "raw_prob_delta_negative_fraction": 0.5865737344093911,
    "recording_classifications": {
      "downward_probability_shift": 2,
      "mixed_or_failed_ranking": 1,
      "upward_probability_shift": 1
    },
    "recordings": {
      "49e0ab27-827a-4c91-bcaa-97eea27a1b8d_probe01": {
        "classification": "mixed_or_failed_ranking",
        "mean_raw_prob_delta": 0.0008188225640361369,
        "mean_true_class_delta": -0.0003513637051812737,
        "n": 777,
        "paired_true_class_improved_fraction": 0.46846846846846846,
        "raw_prob_delta_negative_fraction": 0.4157014157014157,
        "raw_prob_delta_positive_fraction": 0.5842985842985843,
        "shuffle_auc": 0.5078918300262174,
        "target0_mean_raw_prob_delta": 0.001098109578722137,
        "target0_mean_true_class_delta": -0.0010981095787221337,
        "target0_n": 414,
        "target0_true_class_improved_fraction": 0.391304347826087,
        "target1_fraction": 0.4671814671814672,
        "target1_mean_raw_prob_delta": 0.0005002968778653268,
        "target1_mean_true_class_delta": 0.0005002968778653268,
        "target1_n": 363,
        "target1_true_class_improved_fraction": 0.5564738292011019,
        "true_auc": 0.4807894491688958,
        "true_minus_shuffle_auc": -0.027102380857321584
      },
      "5adab0b7-dfd0-467d-b09d-43cb7ca5d59c_probe00": {
        "classification": "upward_probability_shift",
        "mean_raw_prob_delta": 0.008300116545249795,
        "mean_true_class_delta": -0.001647636865175335,
        "n": 590,
        "paired_true_class_improved_fraction": 0.4135593220338983,
        "raw_prob_delta_negative_fraction": 0.0,
        "raw_prob_delta_positive_fraction": 1.0,
        "shuffle_auc": 0.5346228560598881,
        "target0_mean_raw_prob_delta": 0.008481466058021424,
        "target0_mean_true_class_delta": -0.008481466058021426,
        "target0_n": 346,
        "target0_true_class_improved_fraction": 0.0,
        "target1_fraction": 0.4135593220338983,
        "target1_mean_raw_prob_delta": 0.008042956990253957,
        "target1_mean_true_class_delta": 0.008042956990253957,
        "target1_n": 244,
        "target1_true_class_improved_fraction": 1.0,
        "true_auc": 0.49159006917464226,
        "true_minus_shuffle_auc": -0.043032786885245866
      },
      "5adab0b7-dfd0-467d-b09d-43cb7ca5d59c_probe01": {
        "classification": "downward_probability_shift",
        "mean_raw_prob_delta": -0.005613489259287364,
        "mean_true_class_delta": 0.0009682614035477469,
        "n": 590,
        "paired_true_class_improved_fraction": 0.6101694915254238,
        "raw_prob_delta_negative_fraction": 0.9728813559322034,
        "raw_prob_delta_positive_fraction": 0.02711864406779661,
        "shuffle_auc": 0.4737396948734957,
        "target0_mean_raw_prob_delta": -0.005611608224093519,
        "target0_mean_true_class_delta": 0.005611608224093521,
        "target0_n": 346,
        "target0_true_class_improved_fraction": 0.9971098265895953,
        "target1_fraction": 0.4135593220338983,
        "target1_mean_raw_prob_delta": -0.005616156628865522,
        "target1_mean_true_class_delta": -0.005616156628865522,
        "target1_n": 244,
        "target1_true_class_improved_fraction": 0.06147540983606557,
        "true_auc": 0.4745925329290249,
        "true_minus_shuffle_auc": 0.0008528380555292148
      },
      "edd22318-216c-44ff-bc24-49ce8be78374_probe00": {
        "classification": "downward_probability_shift",
        "mean_raw_prob_delta": -0.004829704779172714,
        "mean_true_class_delta": 0.0004288885557265809,
        "n": 769,
        "paired_true_class_improved_fraction": 0.5214564369310793,
        "raw_prob_delta_negative_fraction": 0.9128738621586476,
        "raw_prob_delta_positive_fraction": 0.08712613784135241,
        "shuffle_auc": 0.5059597177260968,
        "target0_mean_raw_prob_delta": -0.005080223962986879,
        "target0_mean_true_class_delta": 0.005080223962986886,
        "target0_n": 398,
        "target0_true_class_improved_fraction": 0.9195979899497487,
        "target1_fraction": 0.48244473342002603,
        "target1_mean_raw_prob_delta": -0.0045609537410108885,
        "target1_mean_true_class_delta": -0.0045609537410108885,
        "target1_n": 371,
        "target1_true_class_improved_fraction": 0.09433962264150944,
        "true_auc": 0.5200056888214658,
        "true_minus_shuffle_auc": 0.014045971095368981
      }
    },
    "shuffle_auc": 0.4837900894940279,
    "target0_n": 1504,
    "target0_true_class_improved_fraction": 0.5804521276595744,
    "target1_fraction": 0.4482758620689655,
    "target1_n": 1222,
    "target1_true_class_improved_fraction": 0.40589198036006546,
    "true_auc": 0.47444457986558486,
    "true_minus_shuffle_auc": -0.00934550962844305
  }
}
