{
  "arms": [
    "shared_baseline",
    "region_only",
    "region_shuffle"
  ],
  "checks": {
    "positive_centered_delta": false,
    "positive_specificity_gap": false,
    "recording_permutation": false,
    "recording_support": true
  },
  "holdout": "CSH_ZAD_019",
  "metrics": {
    "centered_auc_delta_vs_shuffle": 0.0014005205975554658,
    "centered_auc_region_only": 0.5165026378103562,
    "centered_auc_region_shuffle": 0.5151021172128007,
    "full_auc_delta_vs_shuffle": -0.024313505501967425,
    "full_auc_region_only": 0.5052244750496222,
    "full_auc_region_shuffle": 0.5295379805515896,
    "n_recordings": 4,
    "paired_shuffle_vs_shared": 0.5517241379310345,
    "paired_specificity_gap": -0.10344827586206895,
    "paired_true_vs_shuffle": 0.4482758620689655,
    "recording_deltas": {
      "49e0ab27-827a-4c91-bcaa-97eea27a1b8d_probe01": -0.003852756817183667,
      "5adab0b7-dfd0-467d-b09d-43cb7ca5d59c_probe00": 0.007272813417985469,
      "5adab0b7-dfd0-467d-b09d-43cb7ca5d59c_probe01": 0.0015990713541172985,
      "edd22318-216c-44ff-bc24-49ce8be78374_probe00": 0.0024990180010564522
    },
    "recording_sign_flip": {
      "n_recordings": 4,
      "null_distribution": [
        -0.0038059148975857215,
        -0.0030063792205270723,
        -0.0025564058970574954,
        -0.0018795364889938881,
        -0.0017568702199988462,
        -0.0010800008119352389,
        -0.000630027488465662,
        -0.00016950818859298722,
        0.00016950818859298722,
        0.000630027488465662,
        0.0010800008119352389,
        0.0017568702199988462,
        0.0018795364889938881,
        0.0025564058970574954,
        0.0030063792205270723,
        0.0038059148975857215
      ],
      "observed_mean_delta": 0.0018795364889938881,
      "one_sided_p": 0.25
    },
    "recording_support_fraction": 0.75,
    "recordings_positive": 3
  },
  "pass": false,
  "root": "runs/lso_csh_within_recording_shuffle_pilot",
  "thresholds": {
    "alpha": 0.05,
    "min_centered_delta": 0.01,
    "min_recording_support_fraction": 0.75,
    "min_specificity_gap": 0.0
  }
}
