{
  "decision": "paired_metric_explained_by_downward_shift",
  "holdout": "CSH_ZAD_019",
  "root": "runs/lso_csh_pairwise_rank_pilot",
  "seed": 0,
  "summary": {
    "mean_raw_prob_delta": -0.24729544908569215,
    "mean_true_class_delta": 0.027534724361818422,
    "n": 2726,
    "paired_true_class_improved_fraction": 0.5517241379310345,
    "raw_prob_delta_negative_fraction": 1.0,
    "recording_classifications": {
      "downward_probability_shift": 4
    },
    "recordings": {
      "49e0ab27-827a-4c91-bcaa-97eea27a1b8d_probe01": {
        "classification": "downward_probability_shift",
        "mean_raw_prob_delta": -0.23571583066918342,
        "mean_true_class_delta": 0.015005466062516216,
        "n": 777,
        "paired_true_class_improved_fraction": 0.5328185328185329,
        "raw_prob_delta_negative_fraction": 1.0,
        "raw_prob_delta_positive_fraction": 0.0,
        "shuffle_auc": 0.5247534634886414,
        "target0_mean_raw_prob_delta": -0.23527831830981955,
        "target0_mean_true_class_delta": 0.23527831830981955,
        "target0_n": 414,
        "target0_true_class_improved_fraction": 1.0,
        "target1_fraction": 0.4671814671814672,
        "target1_mean_raw_prob_delta": -0.23621481170713554,
        "target1_mean_true_class_delta": -0.23621481170713554,
        "target1_n": 363,
        "target1_true_class_improved_fraction": 0.0,
        "true_auc": 0.4974647662394698,
        "true_minus_shuffle_auc": -0.0272886972491716
      },
      "5adab0b7-dfd0-467d-b09d-43cb7ca5d59c_probe00": {
        "classification": "downward_probability_shift",
        "mean_raw_prob_delta": -0.23206425445263226,
        "mean_true_class_delta": 0.04083175180983091,
        "n": 590,
        "paired_true_class_improved_fraction": 0.5864406779661017,
        "raw_prob_delta_negative_fraction": 1.0,
        "raw_prob_delta_positive_fraction": 0.0,
        "shuffle_auc": 0.4796977162892069,
        "target0_mean_raw_prob_delta": -0.23267145042608856,
        "target0_mean_true_class_delta": 0.23267145042608856,
        "target0_n": 346,
        "target0_true_class_improved_fraction": 1.0,
        "target1_fraction": 0.4135593220338983,
        "target1_mean_raw_prob_delta": -0.23120323065420653,
        "target1_mean_true_class_delta": -0.23120323065420653,
        "target1_n": 244,
        "target1_true_class_improved_fraction": 0.0,
        "true_auc": 0.532668435515967,
        "true_minus_shuffle_auc": 0.05297071922676011
      },
      "5adab0b7-dfd0-467d-b09d-43cb7ca5d59c_probe01": {
        "classification": "downward_probability_shift",
        "mean_raw_prob_delta": -0.33441556987159093,
        "mean_true_class_delta": 0.05749722943857834,
        "n": 590,
        "paired_true_class_improved_fraction": 0.5864406779661017,
        "raw_prob_delta_negative_fraction": 1.0,
        "raw_prob_delta_positive_fraction": 0.0,
        "shuffle_auc": 0.4586491992798256,
        "target0_mean_raw_prob_delta": -0.3341453057702311,
        "target0_mean_true_class_delta": 0.3341453057702311,
        "target0_n": 346,
        "target0_true_class_improved_fraction": 1.0,
        "target1_fraction": 0.4135593220338983,
        "target1_mean_raw_prob_delta": -0.33479881322843735,
        "target1_mean_true_class_delta": -0.33479881322843735,
        "target1_n": 244,
        "target1_true_class_improved_fraction": 0.0,
        "true_auc": 0.4392352885435421,
        "true_minus_shuffle_auc": -0.019413910736283513
      },
      "edd22318-216c-44ff-bc24-49ce8be78374_probe00": {
        "classification": "downward_probability_shift",
        "mean_raw_prob_delta": -0.20384017870786703,
        "mean_true_class_delta": 0.007004307598414128,
        "n": 769,
        "paired_true_class_improved_fraction": 0.517555266579974,
        "raw_prob_delta_negative_fraction": 1.0,
        "raw_prob_delta_positive_fraction": 0.0,
        "shuffle_auc": 0.5002505790407563,
        "target0_mean_raw_prob_delta": -0.20369272609237465,
        "target0_mean_true_class_delta": 0.20369272609237465,
        "target0_n": 398,
        "target0_true_class_improved_fraction": 1.0,
        "target1_fraction": 0.48244473342002603,
        "target1_mean_raw_prob_delta": -0.20399836237623895,
        "target1_mean_true_class_delta": -0.20399836237623895,
        "target1_n": 371,
        "target1_true_class_improved_fraction": 0.0,
        "true_auc": 0.4790292432512969,
        "true_minus_shuffle_auc": -0.021221335789459395
      }
    },
    "shuffle_auc": 0.4736066615593551,
    "target0_n": 1504,
    "target0_true_class_improved_fraction": 1.0,
    "target1_fraction": 0.4482758620689655,
    "target1_n": 1222,
    "target1_true_class_improved_fraction": 0.0,
    "true_auc": 0.4735759197513668,
    "true_minus_shuffle_auc": -3.0741807988288183e-05
  }
}
