{
  "decision": "paired_metric_not_recording_rank_stable",
  "holdout": "CSH_ZAD_019",
  "root": "runs/lso_csh_pairwise_rank_centered_bce_pilot",
  "seed": 0,
  "summary": {
    "mean_raw_prob_delta": 0.006025104572122958,
    "mean_true_class_delta": 3.7591857484716295e-05,
    "n": 2726,
    "paired_true_class_improved_fraction": 0.48642699926632427,
    "raw_prob_delta_negative_fraction": 0.3521643433602348,
    "recording_classifications": {
      "downward_probability_shift": 1,
      "mixed_or_failed_ranking": 1,
      "upward_probability_shift": 2
    },
    "recordings": {
      "49e0ab27-827a-4c91-bcaa-97eea27a1b8d_probe01": {
        "classification": "upward_probability_shift",
        "mean_raw_prob_delta": 0.041822300826447945,
        "mean_true_class_delta": -0.0028499359554890204,
        "n": 777,
        "paired_true_class_improved_fraction": 0.4671814671814672,
        "raw_prob_delta_negative_fraction": 0.0,
        "raw_prob_delta_positive_fraction": 1.0,
        "shuffle_auc": 0.507499234771962,
        "target0_mean_raw_prob_delta": 0.04192068596565824,
        "target0_mean_true_class_delta": -0.04192068596565824,
        "target0_n": 414,
        "target0_true_class_improved_fraction": 0.0,
        "target1_fraction": 0.4671814671814672,
        "target1_mean_raw_prob_delta": 0.04171009298172877,
        "target1_mean_true_class_delta": 0.04171009298172877,
        "target1_n": 363,
        "target1_true_class_improved_fraction": 1.0,
        "true_auc": 0.5013441396840607,
        "true_minus_shuffle_auc": -0.006155095087901352
      },
      "5adab0b7-dfd0-467d-b09d-43cb7ca5d59c_probe00": {
        "classification": "downward_probability_shift",
        "mean_raw_prob_delta": -0.0694837806303415,
        "mean_true_class_delta": 0.012157363796238139,
        "n": 590,
        "paired_true_class_improved_fraction": 0.5745762711864407,
        "raw_prob_delta_negative_fraction": 0.9779661016949153,
        "raw_prob_delta_positive_fraction": 0.022033898305084745,
        "shuffle_auc": 0.5028309485454373,
        "target0_mean_raw_prob_delta": -0.0696073341209277,
        "target0_mean_true_class_delta": 0.0696073341209277,
        "target0_n": 346,
        "target0_true_class_improved_fraction": 0.9710982658959537,
        "target1_fraction": 0.4135593220338983,
        "target1_mean_raw_prob_delta": -0.06930857772975609,
        "target1_mean_true_class_delta": -0.06930857772975609,
        "target1_n": 244,
        "target1_true_class_improved_fraction": 0.012295081967213115,
        "true_auc": 0.4983890836728892,
        "true_minus_shuffle_auc": -0.004441864872548107
      },
      "5adab0b7-dfd0-467d-b09d-43cb7ca5d59c_probe01": {
        "classification": "upward_probability_shift",
        "mean_raw_prob_delta": 0.04301386610319431,
        "mean_true_class_delta": -0.0076247766935632596,
        "n": 590,
        "paired_true_class_improved_fraction": 0.4135593220338983,
        "raw_prob_delta_negative_fraction": 0.0,
        "raw_prob_delta_positive_fraction": 1.0,
        "shuffle_auc": 0.48948166398180615,
        "target0_mean_raw_prob_delta": 0.04317456539029909,
        "target0_mean_true_class_delta": -0.04317456539029909,
        "target0_n": 346,
        "target0_true_class_improved_fraction": 0.0,
        "target1_fraction": 0.4135593220338983,
        "target1_mean_raw_prob_delta": 0.04278598924525067,
        "target1_mean_true_class_delta": 0.04278598924525067,
        "target1_n": 244,
        "target1_true_class_improved_fraction": 1.0,
        "true_auc": 0.45539183170662373,
        "true_minus_shuffle_auc": -0.03408983227518242
      },
      "edd22318-216c-44ff-bc24-49ce8be78374_probe00": {
        "classification": "mixed_or_failed_ranking",
        "mean_raw_prob_delta": -0.0005906932477581717,
        "mean_true_class_delta": -0.0004646953831727888,
        "n": 769,
        "paired_true_class_improved_fraction": 0.494148244473342,
        "raw_prob_delta_negative_fraction": 0.4980494148244473,
        "raw_prob_delta_positive_fraction": 0.5019505851755527,
        "shuffle_auc": 0.4986590635116282,
        "target0_mean_raw_prob_delta": -0.00012172406767105516,
        "target0_mean_true_class_delta": 0.00012172406767105419,
        "target0_n": 398,
        "target0_true_class_improved_fraction": 0.49246231155778897,
        "target1_fraction": 0.48244473342002603,
        "target1_mean_raw_prob_delta": -0.001093792260358367,
        "target1_mean_true_class_delta": -0.001093792260358367,
        "target1_n": 371,
        "target1_true_class_improved_fraction": 0.49595687331536387,
        "true_auc": 0.4612008831218085,
        "true_minus_shuffle_auc": -0.037458180389819684
      }
    },
    "shuffle_auc": 0.5090560469408364,
    "target0_n": 1504,
    "target0_true_class_improved_fraction": 0.3537234042553192,
    "target1_fraction": 0.4482758620689655,
    "target1_n": 1222,
    "target1_true_class_improved_fraction": 0.6497545008183306,
    "true_auc": 0.4913917496604799,
    "true_minus_shuffle_auc": -0.01766429728035651
  }
}
