{
  "arms": [
    "shared_baseline",
    "region_only",
    "region_shuffle"
  ],
  "checks": {
    "positive_centered_delta": false,
    "positive_specificity_gap": true,
    "recording_permutation": false,
    "recording_support": true
  },
  "holdout": "CSH_ZAD_019",
  "metrics": {
    "centered_auc_delta_vs_shuffle": 0.009012518717136209,
    "centered_auc_region_only": 0.4915538922937633,
    "centered_auc_region_shuffle": 0.4825413735766271,
    "full_auc_delta_vs_shuffle": 0.01463908573318945,
    "full_auc_region_only": 0.5046667696834628,
    "full_auc_region_shuffle": 0.49002768395027335,
    "n_recordings": 4,
    "paired_shuffle_vs_shared": 0.46478356566397655,
    "paired_specificity_gap": 0.05135730007336753,
    "paired_true_vs_shuffle": 0.5161408657373441,
    "recording_deltas": {
      "49e0ab27-827a-4c91-bcaa-97eea27a1b8d_probe01": 0.01033390559082259,
      "5adab0b7-dfd0-467d-b09d-43cb7ca5d59c_probe00": 0.02051549322467544,
      "5adab0b7-dfd0-467d-b09d-43cb7ca5d59c_probe01": -0.009724722827631926,
      "edd22318-216c-44ff-bc24-49ce8be78374_probe00": 0.01728995381218762
    },
    "recording_sign_flip": {
      "n_recordings": 4,
      "null_distribution": [
        -0.014466018863829394,
        -0.00960365745001343,
        -0.0092990660684181,
        -0.005821041957735584,
        -0.004436704654602136,
        -0.004208272251491674,
        -0.0009586805439196211,
        -0.0006540891623242895,
        0.0006540891623242895,
        0.0009586805439196211,
        0.004208272251491674,
        0.004436704654602136,
        0.005821041957735584,
        0.0092990660684181,
        0.00960365745001343,
        0.014466018863829394
      ],
      "observed_mean_delta": 0.00960365745001343,
      "one_sided_p": 0.125
    },
    "recording_support_fraction": 0.75,
    "recordings_positive": 3
  },
  "pass": false,
  "root": "runs/lso_csh_target_balanced_pilot",
  "thresholds": {
    "alpha": 0.05,
    "min_centered_delta": 0.01,
    "min_recording_support_fraction": 0.75,
    "min_specificity_gap": 0.0
  }
}
