{
  "rows": [
    {
      "family": "thalamic",
      "feature_mode": "recording_centered",
      "full": {
        "bidirectional_fraction": 0.25,
        "mean_improved_fraction": 0.5460199004975125,
        "mean_target0": 0.917910447761194,
        "mean_target1": 0.17412935323383086,
        "n_bidirectional_recordings": 1,
        "n_recordings": 4,
        "recordings": [
          {
            "improved_fraction": 0.5,
            "mean_true_class_delta": 0.0,
            "n_trials": 762,
            "recording": "35eeb752-8f4f-4040-9714-ba0f5b7ccdfe_probe00",
            "target0_improved": 1.0,
            "target1_fraction": 0.5,
            "target1_improved": 0.0
          },
          {
            "improved_fraction": 0.5,
            "mean_true_class_delta": -9.8473882446789e-27,
            "n_trials": 672,
            "recording": "3f71aa98-08c6-4e79-b4c8-00eae4f03eff_probe00",
            "target0_improved": 1.0,
            "target1_fraction": 0.5,
            "target1_improved": 0.0
          },
          {
            "improved_fraction": 0.6840796019900498,
            "mean_true_class_delta": 0.015065441712955357,
            "n_trials": 402,
            "recording": "6899a67d-2e53-4215-a52a-c7021b5da5d4_probe00",
            "target0_improved": 0.6716417910447762,
            "target1_fraction": 0.5,
            "target1_improved": 0.6965174129353234
          },
          {
            "improved_fraction": 0.5,
            "mean_true_class_delta": 3.5769972434725523e-26,
            "n_trials": 740,
            "recording": "a1782f4f-86b0-480c-a7f2-3d8f1ab482ab_probe00",
            "target0_improved": 1.0,
            "target1_fraction": 0.5,
            "target1_improved": 0.0
          }
        ]
      },
      "full_manifest_decision": "reject: target1",
      "holdout": "MFD_06",
      "lead": {
        "bidirectional_fraction": 1.0,
        "mean_improved_fraction": 0.6840796019900498,
        "mean_target0": 0.6716417910447762,
        "mean_target1": 0.6965174129353234,
        "n_bidirectional_recordings": 1,
        "n_recordings": 1,
        "recordings": [
          {
            "improved_fraction": 0.6840796019900498,
            "mean_true_class_delta": 0.015065441712955357,
            "n_trials": 402,
            "recording": "6899a67d-2e53-4215-a52a-c7021b5da5d4_probe00",
            "target0_improved": 0.6716417910447762,
            "target1_fraction": 0.5,
            "target1_improved": 0.6965174129353234
          }
        ]
      },
      "nonlead": {
        "bidirectional_fraction": 0.0,
        "mean_improved_fraction": 0.5,
        "mean_target0": 1.0,
        "mean_target1": 0.0,
        "n_bidirectional_recordings": 0,
        "n_recordings": 3,
        "recordings": [
          {
            "improved_fraction": 0.5,
            "mean_true_class_delta": 0.0,
            "n_trials": 762,
            "recording": "35eeb752-8f4f-4040-9714-ba0f5b7ccdfe_probe00",
            "target0_improved": 1.0,
            "target1_fraction": 0.5,
            "target1_improved": 0.0
          },
          {
            "improved_fraction": 0.5,
            "mean_true_class_delta": -9.8473882446789e-27,
            "n_trials": 672,
            "recording": "3f71aa98-08c6-4e79-b4c8-00eae4f03eff_probe00",
            "target0_improved": 1.0,
            "target1_fraction": 0.5,
            "target1_improved": 0.0
          },
          {
            "improved_fraction": 0.5,
            "mean_true_class_delta": 3.5769972434725523e-26,
            "n_trials": 740,
            "recording": "a1782f4f-86b0-480c-a7f2-3d8f1ab482ab_probe00",
            "target0_improved": 1.0,
            "target1_fraction": 0.5,
            "target1_improved": 0.0
          }
        ]
      },
      "prospect_decision": "candidate",
      "same_subject_stable": false,
      "target_mode": "response_latency"
    },
    {
      "family": "broad_named_anatomy",
      "feature_mode": "recording_centered",
      "full": {
        "bidirectional_fraction": 0.25,
        "mean_improved_fraction": 0.5826813110181311,
        "mean_target0": 0.5492282659228266,
        "mean_target1": 0.6161343561134356,
        "n_bidirectional_recordings": 1,
        "n_recordings": 4,
        "recordings": [
          {
            "improved_fraction": 0.5244444444444445,
            "mean_true_class_delta": 0.0011496847861318371,
            "n_trials": 900,
            "recording": "63c70ae8-4dfb-418b-b21b-f0b1e5fba6c9_probe00",
            "target0_improved": 0.47555555555555556,
            "target1_fraction": 0.5,
            "target1_improved": 0.5733333333333334
          },
          {
            "improved_fraction": 0.5322222222222223,
            "mean_true_class_delta": 0.0003600376820164962,
            "n_trials": 900,
            "recording": "63c70ae8-4dfb-418b-b21b-f0b1e5fba6c9_probe01",
            "target0_improved": 0.5288888888888889,
            "target1_fraction": 0.5,
            "target1_improved": 0.5355555555555556
          },
          {
            "improved_fraction": 0.5167364016736402,
            "mean_true_class_delta": 0.0004911195887971377,
            "n_trials": 478,
            "recording": "b887df2c-bb9c-44c9-a9c0-538da87b2cab_probe00",
            "target0_improved": 0.49372384937238495,
            "target1_fraction": 0.5,
            "target1_improved": 0.5397489539748954
          },
          {
            "improved_fraction": 0.7573221757322176,
            "mean_true_class_delta": 0.011614889166458957,
            "n_trials": 478,
            "recording": "b887df2c-bb9c-44c9-a9c0-538da87b2cab_probe01",
            "target0_improved": 0.698744769874477,
            "target1_fraction": 0.5,
            "target1_improved": 0.8158995815899581
          }
        ]
      },
      "full_manifest_decision": "reject: total baseline",
      "holdout": "NR_0019",
      "lead": {
        "bidirectional_fraction": 1.0,
        "mean_improved_fraction": 0.7573221757322176,
        "mean_target0": 0.698744769874477,
        "mean_target1": 0.8158995815899581,
        "n_bidirectional_recordings": 1,
        "n_recordings": 1,
        "recordings": [
          {
            "improved_fraction": 0.7573221757322176,
            "mean_true_class_delta": 0.011614889166458957,
            "n_trials": 478,
            "recording": "b887df2c-bb9c-44c9-a9c0-538da87b2cab_probe01",
            "target0_improved": 0.698744769874477,
            "target1_fraction": 0.5,
            "target1_improved": 0.8158995815899581
          }
        ]
      },
      "nonlead": {
        "bidirectional_fraction": 0.0,
        "mean_improved_fraction": 0.5244676894467689,
        "mean_target0": 0.4993894312722765,
        "mean_target1": 0.5495459476212615,
        "n_bidirectional_recordings": 0,
        "n_recordings": 3,
        "recordings": [
          {
            "improved_fraction": 0.5244444444444445,
            "mean_true_class_delta": 0.0011496847861318371,
            "n_trials": 900,
            "recording": "63c70ae8-4dfb-418b-b21b-f0b1e5fba6c9_probe00",
            "target0_improved": 0.47555555555555556,
            "target1_fraction": 0.5,
            "target1_improved": 0.5733333333333334
          },
          {
            "improved_fraction": 0.5322222222222223,
            "mean_true_class_delta": 0.0003600376820164962,
            "n_trials": 900,
            "recording": "63c70ae8-4dfb-418b-b21b-f0b1e5fba6c9_probe01",
            "target0_improved": 0.5288888888888889,
            "target1_fraction": 0.5,
            "target1_improved": 0.5355555555555556
          },
          {
            "improved_fraction": 0.5167364016736402,
            "mean_true_class_delta": 0.0004911195887971377,
            "n_trials": 478,
            "recording": "b887df2c-bb9c-44c9-a9c0-538da87b2cab_probe00",
            "target0_improved": 0.49372384937238495,
            "target1_fraction": 0.5,