{
  "cases": [
    {
      "feature_modes": [
        {
          "feature_mode": "counts",
          "summary": {
            "decision": "reject: shuffle",
            "deltas": {
              "true_minus_shuffle_auc": -0.06789540012602396,
              "true_minus_shuffle_centered_auc": -0.2830812854442344,
              "true_minus_total_auc": -0.19208149548414194,
              "true_minus_total_centered_auc": -0.5411153119092628
            },
            "metrics": {
              "region_shuffle": {
                "eval_auc": 0.547679059021214,
                "eval_centered_auc": 0.5772421760134425,
                "per_recording_auc": {
                  "034e726f-b35f-41e0-8d6c-a22cc32391fb_probe01": 0.7008,
                  "7939711b-8b4d-4251-b698-b97c1eaa846e_probe01": 0.39172335600907027,
                  "dfd8e7df-dc51-4589-b6ca-7baccfeb94b4_probe01": 0.5444444444444444,
                  "fa704052-147e-46f6-b190-a65b837e605e_probe00": 0.6948245092207019
                },
                "train_auc": 0.5782697232554487
              },
              "region_true": {
                "eval_auc": 0.4797836588951901,
                "eval_centered_auc": 0.29416089056920813,
                "per_recording_auc": {
                  "034e726f-b35f-41e0-8d6c-a22cc32391fb_probe01": 0.1856,
                  "7939711b-8b4d-4251-b698-b97c1eaa846e_probe01": 0.7165532879818595,
                  "dfd8e7df-dc51-4589-b6ca-7baccfeb94b4_probe01": 0.0011111111111111111,
                  "fa704052-147e-46f6-b190-a65b837e605e_probe00": 0.6032123735871505
                },
                "train_auc": 0.6290717967859413
              },
              "total_spikes": {
                "eval_auc": 0.671865154379332,
                "eval_centered_auc": 0.8352762024784709,
                "per_recording_auc": {
                  "034e726f-b35f-41e0-8d6c-a22cc32391fb_probe01": 0.6464,
                  "7939711b-8b4d-4251-b698-b97c1eaa846e_probe01": 0.9002267573696145,
                  "dfd8e7df-dc51-4589-b6ca-7baccfeb94b4_probe01": 0.9966666666666667,
                  "fa704052-147e-46f6-b190-a65b837e605e_probe00": 0.8828078524687686
                },
                "train_auc": 0.5187616463151887
              }
            },
            "n_recordings": 4,
            "paired_true_vs_shuffle": {
              "improved_fraction": 0.5507246376811594,
              "mean_true_class_delta": -0.40885633434473834,
              "target0_improved_fraction": 0.5652173913043478,
              "target1_improved_fraction": 0.5362318840579711
            },
            "paired_true_vs_total": {
              "improved_fraction": 0.5,
              "mean_true_class_delta": -0.4015859525275074,
              "target0_improved_fraction": 0.7028985507246377,
              "target1_improved_fraction": 0.2971014492753623
            },
            "recording_deltas_true_minus_shuffle": {
              "034e726f-b35f-41e0-8d6c-a22cc32391fb_probe01": -0.5152,
              "7939711b-8b4d-4251-b698-b97c1eaa846e_probe01": 0.3248299319727892,
              "dfd8e7df-dc51-4589-b6ca-7baccfeb94b4_probe01": -0.5433333333333333,
              "fa704052-147e-46f6-b190-a65b837e605e_probe00": -0.09161213563355142
            },
            "recording_support_fraction": 0.25,
            "recordings_positive_true_minus_shuffle": 1
          }
        },
        {
          "feature_mode": "recording_centered",
          "summary": {
            "decision": "reject: shuffle",
            "deltas": {
              "true_minus_shuffle_auc": -0.05755093467758876,
              "true_minus_shuffle_centered_auc": -0.05755093467758876,
              "true_minus_total_auc": 0.04011762234824623,
              "true_minus_total_centered_auc": -0.12329342575089264
            },
            "metrics": {
              "region_shuffle": {
                "eval_auc": 0.769533711405167,
                "eval_centered_auc": 0.769533711405167,
                "per_recording_auc": {
                  "034e726f-b35f-41e0-8d6c-a22cc32391fb_probe01": 0.888,
                  "7939711b-8b4d-4251-b698-b97c1eaa846e_probe01": 0.7528344671201814,
                  "dfd8e7df-dc51-4589-b6ca-7baccfeb94b4_probe01": 0.4888888888888889,
                  "fa704052-147e-46f6-b190-a65b837e605e_probe00": 0.9262343842950624
                },
                "train_auc": 0.7316645745933428
              },
              "region_true": {
                "eval_auc": 0.7119827767275783,
                "eval_centered_auc": 0.7119827767275783,
                "per_recording_auc": {
                  "034e726f-b35f-41e0-8d6c-a22cc32391fb_probe01": 0.2608,
                  "7939711b-8b4d-4251-b698-b97c1eaa846e_probe01": 0.7165532879818595,
                  "dfd8e7df-dc51-4589-b6ca-7baccfeb94b4_probe01": 0.9955555555555555,
                  "fa704052-147e-46f6-b190-a65b837e605e_probe00": 0.851279000594884
                },
                "train_auc": 0.7678562421367107
              },
              "total_spikes": {
                "eval_auc": 0.671865154379332,
                "eval_centered_auc": 0.8352762024784709,
                "per_recording_auc": {
                  "034e726f-b35f-41e0-8d6c-a22cc32391fb_probe01": 0.6464,
                  "7939711b-8b4d-4251-b698-b97c1eaa846e_probe01": 0.9002267573696145,
                  "dfd8e7df-dc51-4589-b6ca-7baccfeb94b4_probe01": 0.9966666666666667,
                  "fa704052-147e-46f6-b190-a65b837e605e_probe00": 0.8828078524687686
                },
                "train_auc": 0.5187616463151887
              }
            },
            "n_recordings": 4,
            "paired_true_vs_shuffle": {
              "improved_fraction": 0.43478260869565216,
              "mean_true_class_delta": -0.03804581528960003,
              "target0_improved_fraction": 0.391304347826087,
              "target1_improved_fraction": 0.4782608695652174
            },
            "paired_true_vs_total": {
              "improved_fraction": 0.6557971014492754,
              "mean_true_class_delta": 0.21165715963003956,
              "target0_improved_fraction": 0.5072463768115942,
              "target1_improved_fraction": 0.8043478260869565
            },
            "recording_deltas_true_minus_shuffle": {
              "034e726f-b35f-41e0-8d6c-a22cc32391fb_probe01": -0.6272,
              "7939711b-8b4d-4251-b698-b97c1eaa846e_probe01": -0.03628117913832196,
              "dfd8e7df-dc51-4589-b6ca-7baccfeb94b4_probe01": 0.5066666666666666,
              "fa704052-147e-46f6-b190-a65b837e605e_probe00": -0.0749553837001784
            },
            "recording_support_fraction": 0.25,
            "recordings_positive_true_minus_shuffle": 1
          }
        }
      ],
      "holdout": "CSHL045",
      "local_family": "broad_named_anatomy",
      "n_eval_recordings": 4,
      "n_eval_trials": 276,
      "n_shared_regions": 21,
      "n_train_recordings": 27,
      "n_train_trials": 1666,
      "shared_regions": [
        "ATN",
        "BS",
        "DORpm",
        "HB",
        "IIn",
        "LZ",
        "MBmot",
        "RSPagl",
        "RSPd",
        "RSPv",
        "SCm",
        "SCs",
        "VENT",
        "VL",
        "VS",
        "epsc",
        "fiber tracts",
        "fxs",
        "lfbst",
        "root",
        "void"
      ],
      "target_mode": "post_error_response_extreme_25_75_le_1",
      "train_subjects": [
        "CSH_ZAD_019",
        "KS014",
        "MFD_06",
        "NR_0019",
        "NYU-12",
        "SWC_038",
        "ZFM-01577"
      ]
    },
    {
      "feature_modes": [
        {
          "feature_mode": "counts",
          "summary": {
            "decision": "reject: shuffle",
            "deltas": {
              "true_minus_shuffle_auc": -0.10911049553708829,
              "true_minus_shuffle_centered_auc": -0.22522314558325635,
              "true_minus_total_auc": -0.20275469375192368,